{"cameraMode":{"drawMode":0,"name":"Shaded","section":"Shading Mode"},"sceneLighting":true,"audioPlay":false,"sceneViewState":{"m_AlwaysRefresh":false,"showFog":true,"showSkybox":true,"showFlares":true,"showImageEffects":true,"showParticleSystems":true,"showVisualEffectGraphs":true,"m_FxEnabled":true},"in2DMode":false,"pivot":{"x":-0.2818717360496521,"y":-3.7983927726745607,"z":30.070575714111329},"rotation":{"x":0.08210581541061402,"y":0.08510546386241913,"z":-0.007037099916487932,"w":0.9929587841033936},"size":8.1869478225708,"orthographic":false}