{"cameraMode":{"drawMode":0,"name":"Shaded","section":"Shading Mode"},"sceneLighting":true,"audioPlay":false,"sceneViewState":{"m_AlwaysRefresh":false,"showFog":true,"showSkybox":true,"showFlares":true,"showImageEffects":true,"showParticleSystems":true,"showVisualEffectGraphs":true,"m_FxEnabled":true},"in2DMode":false,"pivot":{"x":-6.271791458129883,"y":-3.9642086029052736,"z":26.553802490234376},"rotation":{"x":0.16104388236999513,"y":-0.1940373182296753,"z":0.032310228794813159,"w":0.9671478867530823},"size":7.677191734313965,"orthographic":false}